﻿<?xml version="1.0" encoding="utf-8"?>
<Patch>

    <Operation Class="PatchOperationFindMod">
        <mods>
            <li>Core</li>
        </mods>
        <match Class="PatchOperationSequence">
            <success>Always</success>
            <operations>
                <li Class="PatchOperationAddModExtension">
                    <xpath>/Defs/TerrainDef[defName="Soil"]</xpath>
                    <value>
						<!-- all biome defs and thing defs here are strings. you can add any modded items and biomes safely, missing ones will be skipped without red errors -->
                        <li Class="Scavenging.TerrainExtension">
							<workAmount>800</workAmount>
							<failChance>0.05</failChance>
							<scavengables>
								<li>
									<thingDef>SC_Worm</thingDef>
									<chance>0.35</chance>
									<amountToSpawn>16~22</amountToSpawn>
									<cannotSpawnIn>
										<li>SeaIce</li>
										<li>IceSheet</li>
									</cannotSpawnIn>
								</li>
								<li>
									<thingDef>SC_Grub</thingDef>
									<chance>0.20</chance>
									<amountToSpawn>3~5</amountToSpawn>
									<cannotSpawnIn>
										<li>AridShrubland</li>
										<li>Desert</li>
										<li>ExtremeDesert</li>
										<li>BorealForest</li>
										<li>ColdBog</li>
										<li>Tundra</li>
										<li>IceSheet</li>
										<li>SeaIce</li>
										<li>RG-W_Wasteland</li>
										<li>RG-AF_AspenForest</li>
									</cannotSpawnIn>
								</li>
								<li>
									<thingDef>SC_Termite</thingDef>
									<chance>0.15</chance>
									<amountToSpawn>12~18</amountToSpawn>
									<cannotSpawnIn>
										<li>AridShrubland</li>
										<li>Desert</li>
										<li>ExtremeDesert</li>
										<li>BorealForest</li>
										<li>ColdBog</li>
										<li>Tundra</li>
										<li>IceSheet</li>
										<li>SeaIce</li>
										<li>RG-W_Wasteland</li>
										<li>RG-AF_AspenForest</li>
										<li>AB_FeraliskInfestedJungle</li>
									</cannotSpawnIn>
								</li>
								<li>
									<thingDef>SC_Grasshopper</thingDef>
									<chance>0.10</chance>
									<amountToSpawn>2~3</amountToSpawn>
									<cannotSpawnIn>
										<li>AridShrubland</li>
										<li>Desert</li>
										<li>ExtremeDesert</li>
										<li>BorealForest</li>
										<li>ColdBog</li>
										<li>Tundra</li>
										<li>IceSheet</li>
										<li>SeaIce</li>
										<li>RG-W_Wasteland</li>
									</cannotSpawnIn>
								</li>
								<li>
									<thingDef>SC_Snail</thingDef>
									<chance>0.05</chance>
									<amountToSpawn>5~7</amountToSpawn>
									<cannotSpawnIn>
										<li>AridShrubland</li>
										<li>Desert</li>
										<li>ExtremeDesert</li>
										<li>BorealForest</li>
										<li>SeaIce</li>
										<li>RG-W_Wasteland</li>
									</cannotSpawnIn>
								</li>
								<li>
									<thingDef>SC_Frog</thingDef>
									<chance>0.05</chance>
									<amountToSpawn>2~3</amountToSpawn>
									<cannotSpawnIn>
										<li>AridShrubland</li>
										<li>Desert</li>
										<li>ExtremeDesert</li>
										<li>BorealForest</li>
										<li>ColdBog</li>
										<li>Tundra</li>
										<li>IceSheet</li>
										<li>SeaIce</li>
										<li>RG-W_Wasteland</li>
										<li>RG-AF_AspenForest</li>
									</cannotSpawnIn>
								</li>
								<li>
									<thingDef>SC_Beetle</thingDef>
									<chance>0.05</chance>
									<amountToSpawn>3~5</amountToSpawn>
									<cannotSpawnIn>
										<li>BorealForest</li>
										<li>ColdBog</li>
										<li>Tundra</li>
										<li>IceSheet</li>
										<li>SeaIce</li>
										<li>RG-W_Wasteland</li>
									</cannotSpawnIn>
								</li>
								<li>
									<thingDef>SC_WildrootPotato</thingDef>
									<chance>0.45</chance>
									<amountToSpawn>3~6</amountToSpawn>
									<cannotSpawnIn>
										<li>TropicalRainforest</li>
										<li>TropicalSwamp</li>
										<li>AridShrubland</li>
										<li>Desert</li>
										<li>ExtremeDesert</li>
										<li>BorealForest</li>
										<li>ColdBog</li>
										<li>Tundra</li>
										<li>IceSheet</li>
										<li>SeaIce</li>
										<li>RG-W_Wasteland</li>
										<li>RG-AF_AspenForest</li>
										<li>AB_FeraliskInfestedJungle</li>
									</cannotSpawnIn>
								</li>
								<li>
									<thingDef>SC_Lichen</thingDef>
									<chance>0.10</chance>
									<amountToSpawn>8~12</amountToSpawn>
									<cannotSpawnIn>
										<li>AridShrubland</li>
										<li>Desert</li>
										<li>ExtremeDesert</li>
										<li>RG-W_Wasteland</li>
									</cannotSpawnIn>
								</li>
								<li>
									<thingDef>SC_Moss</thingDef>
									<chance>0.10</chance>
									<amountToSpawn>6~9</amountToSpawn>
									<cannotSpawnIn>
										<li>AridShrubland</li>
										<li>Desert</li>
										<li>ExtremeDesert</li>
										<li>RG-W_Wasteland</li>
										<li>AB_FeraliskInfestedJungle</li>
									</cannotSpawnIn>
								</li>
								<li>
									<thingDef>WoodLog</thingDef>
									<chance>0.15</chance>
									<amountToSpawn>2~6</amountToSpawn>
								</li>
								<li>
									<thingDef>ChunkSlagSteel</thingDef>
									<chance>0.05</chance>
									<amountToSpawn>1~1</amountToSpawn>
								</li>
							</scavengables>
                        </li>
                    </value>
                </li>
                <li Class="PatchOperationAddModExtension">
                    <xpath>/Defs/TerrainDef[defName="Gravel"]</xpath>
                    <value>
                        <li Class="Scavenging.TerrainExtension">
							<workAmount>1200</workAmount>
							<failChance>0.05</failChance>
							<scavengables>
								<li>
									<thingDef>SC_Worm</thingDef>
									<chance>0.20</chance>
									<amountToSpawn>16~22</amountToSpawn>
									<cannotSpawnIn>
										<li>SeaIce</li>
										<li>IceSheet</li>
									</cannotSpawnIn>
								</li>
								<li>
									<thingDef>SC_Grub</thingDef>
									<chance>0.25</chance>
									<amountToSpawn>3~5</amountToSpawn>
									<cannotSpawnIn>
										<li>AridShrubland</li>
										<li>Desert</li>
										<li>ExtremeDesert</li>
										<li>BorealForest</li>
										<li>ColdBog</li>
										<li>Tundra</li>
										<li>IceSheet</li>
										<li>SeaIce</li>
										<li>RG-W_Wasteland</li>
										<li>RG-AF_AspenForest</li>
									</cannotSpawnIn>
								</li>
								<li>
									<thingDef>SC_Termite</thingDef>
									<chance>0.20</chance>
									<amountToSpawn>12~18</amountToSpawn>
									<cannotSpawnIn>
										<li>AridShrubland</li>
										<li>Desert</li>
										<li>ExtremeDesert</li>
										<li>BorealForest</li>
										<li>ColdBog</li>
										<li>Tundra</li>
										<li>IceSheet</li>
										<li>SeaIce</li>
										<li>RG-AF_AspenForest</li>
									</cannotSpawnIn>
								</li>
								<li>
									<thingDef>SC_Grasshopper</thingDef>
									<chance>0.20</chance>
									<amountToSpawn>2~3</amountToSpawn>
									<cannotSpawnIn>
										<li>AridShrubland</li>
										<li>Desert</li>
										<li>ExtremeDesert</li>
										<li>BorealForest</li>
										<li>ColdBog</li>
										<li>Tundra</li>
										<li>IceSheet</li>
										<li>SeaIce</li>
										<li>RG-W_Wasteland</li>
										<li>RG-AF_AspenForest</li>
									</cannotSpawnIn>
								</li>
								<li>
									<thingDef>SC_Snail</thingDef>
									<chance>0.05</chance>
									<amountToSpawn>5~7</amountToSpawn>
									<cannotSpawnIn>
										<li>AridShrubland</li>
										<li>Desert</li>
										<li>ExtremeDesert</li>
										<li>BorealForest</li>
										<li>SeaIce</li>
										<li>RG-W_Wasteland</li>
									</cannotSpawnIn>
								</li>
								<li>
									<thingDef>SC_Frog</thingDef>
									<chance>0.05</chance>
									<amountToSpawn>2~3</amountToSpawn>
									<cannotSpawnIn>
										<li>AridShrubland</li>
										<li>Desert</li>
										<li>ExtremeDesert</li>
										<li>BorealForest</li>
										<li>ColdBog</li>
										<li>Tundra</li>
										<li>IceSheet</li>
										<li>SeaIce</li>
										<li>RG-W_Wasteland</li>
										<li>RG-AF_AspenForest</li>
									</cannotSpawnIn>
								</li>
								<li>
									<thingDef>SC_WildrootPotato</thingDef>
									<chance>0.20</chance>
									<amountToSpawn>3~6</amountToSpawn>
									<cannotSpawnIn>
										<li>TropicalRainforest</li>
										<li>TropicalSwamp</li>
										<li>AridShrubland</li>
										<li>Desert</li>
										<li>ExtremeDesert</li>
										<li>BorealForest</li>
										<li>ColdBog</li>
										<li>Tundra</li>
										<li>IceSheet</li>
										<li>SeaIce</li>
										<li>RG-W_Wasteland</li>
										<li>RG-AF_AspenForest</li>
										<li>AB_FeraliskInfestedJungle</li>
									</cannotSpawnIn>
								</li>
								<li>
									<thingDef>SC_Lichen</thingDef>
									<chance>0.50</chance>
									<amountToSpawn>8~12</amountToSpawn>
									<cannotSpawnIn>
										<li>AridShrubland</li>
										<li>Desert</li>
										<li>ExtremeDesert</li>
										<li>AB_FeraliskInfestedJungle</li>
									</cannotSpawnIn>
								</li>
								<li>
									<thingDef>SC_Moss</thingDef>
									<chance>0.20</chance>
									<amountToSpawn>6~9</amountToSpawn>
									<cannotSpawnIn>
										<li>AridShrubland</li>
										<li>Desert</li>
										<li>ExtremeDesert</li>
										<li>RG-W_Wasteland</li>
										<li>AB_FeraliskInfestedJungle</li>
									</cannotSpawnIn>
								</li>
								<li>
									<thingDef>WoodLog</thingDef>
									<chance>0.15</chance>
									<amountToSpawn>2~6</amountToSpawn>
								</li>
								<li>
									<thingDef>ChunkSlagSteel</thingDef>
									<chance>0.05</chance>
									<amountToSpawn>1~1</amountToSpawn>
								</li>
							</scavengables>
                        </li>
                    </value>
                </li>
                <li Class="PatchOperationAddModExtension">
                    <xpath>/Defs/TerrainDef[defName="SoilRich"]</xpath>
                    <value>
                        <li Class="Scavenging.TerrainExtension">
							<workAmount>800</workAmount>
							<failChance>0.05</failChance>
							<scavengables>
								<li>
									<thingDef>SC_Worm</thingDef>
									<chance>0.45</chance>
									<amountToSpawn>16~22</amountToSpawn>
									<cannotSpawnIn>
										<li>SeaIce</li>
										<li>IceSheet</li>
									</cannotSpawnIn>
								</li>
								<li>
									<thingDef>SC_Grub</thingDef>
									<chance>0.10</chance>
									<amountToSpawn>3~5</amountToSpawn>
									<cannotSpawnIn>
										<li>AridShrubland</li>
										<li>Desert</li>
										<li>ExtremeDesert</li>
										<li>BorealForest</li>
										<li>ColdBog</li>
										<li>Tundra</li>
										<li>IceSheet</li>
										<li>SeaIce</li>
										<li>RG-AF_AspenForest</li>
									</cannotSpawnIn>
								</li>
								<li>
									<thingDef>SC_Termite</thingDef>
									<chance>0.05</chance>
									<amountToSpawn>12~18</amountToSpawn>
									<cannotSpawnIn>
										<li>AridShrubland</li>
										<li>Desert</li>
										<li>ExtremeDesert</li>
										<li>BorealForest</li>
										<li>ColdBog</li>
										<li>Tundra</li>
										<li>IceSheet</li>
										<li>SeaIce</li>
										<li>RG-AF_AspenForest</li>
										<li>AB_FeraliskInfestedJungle</li>
									</cannotSpawnIn>
								</li>
								<li>
									<thingDef>SC_Grasshopper</thingDef>
									<chance>0.25</chance>
									<amountToSpawn>2~3</amountToSpawn>
									<cannotSpawnIn>
										<li>AridShrubland</li>
										<li>Desert</li>
										<li>ExtremeDesert</li>
										<li>BorealForest</li>
										<li>ColdBog</li>
										<li>Tundra</li>
										<li>IceSheet</li>
										<li>SeaIce</li>
										<li>RG-W_Wasteland</li>
										<li>RG-AF_AspenForest</li>
									</cannotSpawnIn>
								</li>
								<li>
									<thingDef>SC_Snail</thingDef>
									<chance>0.05</chance>
									<amountToSpawn>5~7</amountToSpawn>
									<cannotSpawnIn>
										<li>AridShrubland</li>
										<li>Desert</li>
										<li>ExtremeDesert</li>
										<li>BorealForest</li>
										<li>SeaIce</li>
										<li>RG-W_Wasteland</li>
									</cannotSpawnIn>
								</li>
								<li>
									<thingDef>SC_Frog</thingDef>
									<chance>0.05</chance>
									<amountToSpawn>2~3</amountToSpawn>
									<cannotSpawnIn>
										<li>AridShrubland</li>
										<li>Desert</li>
										<li>ExtremeDesert</li>
										<li>BorealForest</li>
										<li>ColdBog</li>
										<li>Tundra</li>
										<li>IceSheet</li>
										<li>SeaIce</li>
										<li>RG-W_Wasteland</li>
										<li>RG-AF_AspenForest</li>
									</cannotSpawnIn>
								</li>
								<li>
									<thingDef>SC_WildrootPotato</thingDef>
									<chance>0.55</chance>
									<amountToSpawn>3~6</amountToSpawn>
									<cannotSpawnIn>
										<li>TropicalRainforest</li>
										<li>TropicalSwamp</li>
										<li>AridShrubland</li>
										<li>Desert</li>
										<li>ExtremeDesert</li>
										<li>BorealForest</li>
										<li>ColdBog</li>
										<li>Tundra</li>
										<li>IceSheet</li>
										<li>SeaIce</li>
										<li>RG-W_Wasteland</li>
										<li>RG-AF_AspenForest</li>
										<li>AB_FeraliskInfestedJungle</li>
									</cannotSpawnIn>
								</li>
								<li>
									<thingDef>SC_Lichen</thingDef>
									<chance>0.20</chance>
									<amountToSpawn>8~12</amountToSpawn>
									<cannotSpawnIn>
										<li>AridShrubland</li>
										<li>Desert</li>
										<li>ExtremeDesert</li>
									</cannotSpawnIn>
								</li>
								<li>
									<thingDef>SC_Moss</thingDef>
									<chance>0.20</chance>
									<amountToSpawn>6~9</amountToSpawn>
									<cannotSpawnIn>
										<li>AridShrubland</li>
										<li>Desert</li>
										<li>ExtremeDesert</li>
										<li>RG-W_Wasteland</li>
										<li>AB_FeraliskInfestedJungle</li>
									</cannotSpawnIn>
								</li>
								<li>
									<thingDef>WoodLog</thingDef>
									<chance>0.15</chance>
									<amountToSpawn>2~6</amountToSpawn>
								</li>
								<li>
									<thingDef>ChunkSlagSteel</thingDef>
									<chance>0.05</chance>
									<amountToSpawn>1~1</amountToSpawn>
								</li>
							</scavengables>
                        </li>
                    </value>
                </li>
                <li Class="PatchOperationAddModExtension">
                    <xpath>/Defs/TerrainDef[defName="MossyTerrain"]</xpath>
                    <value>
                        <li Class="Scavenging.TerrainExtension">
							<workAmount>800</workAmount>
							<failChance>0.05</failChance>
							<scavengables>
								<li>
									<thingDef>SC_Worm</thingDef>
									<chance>0.20</chance>
									<amountToSpawn>16~22</amountToSpawn>
									<cannotSpawnIn>
										<li>SeaIce</li>
										<li>IceSheet</li>
									</cannotSpawnIn>
								</li>
								<li>
									<thingDef>SC_Grub</thingDef>
									<chance>0.15</chance>
									<amountToSpawn>3~5</amountToSpawn>
									<cannotSpawnIn>
										<li>AridShrubland</li>
										<li>Desert</li>
										<li>ExtremeDesert</li>
										<li>BorealForest</li>
										<li>ColdBog</li>
										<li>Tundra</li>
										<li>IceSheet</li>
										<li>SeaIce</li>
										<li>RG-W_Wasteland</li>
										<li>RG-AF_AspenForest</li>
									</cannotSpawnIn>
								</li>
								<li>
									<thingDef>SC_Termite</thingDef>
									<chance>0.45</chance>
									<amountToSpawn>12~18</amountToSpawn>
									<cannotSpawnIn>
										<li>AridShrubland</li>
										<li>Desert</li>
										<li>ExtremeDesert</li>
										<li>BorealForest</li>
										<li>ColdBog</li>
										<li>Tundra</li>
										<li>IceSheet</li>
										<li>SeaIce</li>
										<li>RG-AF_AspenForest</li>
									</cannotSpawnIn>
								</li>
								<li>
									<thingDef>SC_Snail</thingDef>
									<chance>0.05</chance>
									<amountToSpawn>5~7</amountToSpawn>
									<cannotSpawnIn>
										<li>AridShrubland</li>
										<li>Desert</li>
										<li>ExtremeDesert</li>
										<li>BorealForest</li>
										<li>SeaIce</li>
										<li>RG-W_Wasteland</li>
									</cannotSpawnIn>
								</li>
								<li>
									<thingDef>SC_Frog</thingDef>
									<chance>0.10</chance>
									<amountToSpawn>2~3</amountToSpawn>
									<cannotSpawnIn>
										<li>AridShrubland</li>
										<li>Desert</li>
										<li>ExtremeDesert</li>
										<li>BorealForest</li>
										<li>ColdBog</li>
										<li>Tundra</li>
										<li>IceSheet</li>
										<li>SeaIce</li>
										<li>RG-W_Wasteland</li>
										<li>RG-AF_AspenForest</li>
									</cannotSpawnIn>
								</li>
								<li>
									<thingDef>SC_WildrootPotato</thingDef>
									<chance>0.60</chance>
									<amountToSpawn>16~24</amountToSpawn>
									<cannotSpawnIn>
										<li>TropicalRainforest</li>
										<li>TropicalSwamp</li>
										<li>AridShrubland</li>
										<li>Desert</li>
										<li>ExtremeDesert</li>
										<li>BorealForest</li>
										<li>ColdBog</li>
										<li>Tundra</li>
										<li>IceSheet</li>
										<li>SeaIce</li>
										<li>RG-W_Wasteland</li>
										<li>RG-AF_AspenForest</li>
									</cannotSpawnIn>
								</li>
								<li>
									<thingDef>SC_Lichen</thingDef>
									<chance>0.20</chance>
									<amountToSpawn>8~12</amountToSpawn>
								</li>
								<li>
									<thingDef>SC_Moss</thingDef>
									<chance>0.20</chance>
									<amountToSpawn>6~9</amountToSpawn>
								</li>
								<li>
									<thingDef>WoodLog</thingDef>
									<chance>0.15</chance>
									<amountToSpawn>2~6</amountToSpawn>
								</li>
								<li>
									<thingDef>ChunkSlagSteel</thingDef>
									<chance>0.05</chance>
									<amountToSpawn>1~1</amountToSpawn>
								</li>
							</scavengables>
                        </li>
                    </value>
                </li>

                <li Class="PatchOperationAddModExtension">
                    <xpath>/Defs/TerrainDef[defName="Marsh"]</xpath>
                    <value>
                        <li Class="Scavenging.TerrainExtension">
							<workAmount>1200</workAmount>
							<failChance>0.1</failChance>
							<scavengables>
								<li>
									<thingDef>SC_Snail</thingDef>
									<chance>0.20</chance>
									<amountToSpawn>5~7</amountToSpawn>
									<cannotSpawnIn>
										<li>BorealForest</li>
										<li>IceSheet</li>
										<li>SeaIce</li>
										<li>RG-W_Wasteland</li>
									</cannotSpawnIn>
								</li>
								<li>
									<thingDef>SC_FreshwaterCrab</thingDef>
									<chance>0.10</chance>
									<amountToSpawn>1~3</amountToSpawn>
									<cannotSpawnIn>
										<li>IceSheet</li>
										<li>SeaIce</li>
									</cannotSpawnIn>
								</li>
								<li>
									<thingDef>SC_Frog</thingDef>
									<chance>0.35</chance>
									<amountToSpawn>2~3</amountToSpawn>
									<cannotSpawnIn>
										<li>ColdBog</li>
										<li>Tundra</li>
										<li>BorealForest</li>
										<li>IceSheet</li>
										<li>SeaIce</li>
										<li>RG-W_Wasteland</li>
										<li>RG-AF_AspenForest</li>
									</cannotSpawnIn>
								</li>
								<li>
									<thingDef>SC_Catfish</thingDef>
									<chance>0.10</chance>
									<amountToSpawn>1~3</amountToSpawn>
									<cannotSpawnIn>
										<li>IceSheet</li>
										<li>SeaIce</li>
										<li>RG-AF_AspenForest</li>
									</cannotSpawnIn>
								</li>
								<li>
									<thingDef>SC_SoftshellTurtle</thingDef>
									<chance>0.15</chance>
									<amountToSpawn>1~3</amountToSpawn>
									<cannotSpawnIn>
										<li>IceSheet</li>
										<li>SeaIce</li>
									</cannotSpawnIn>
								</li>
								<li>
									<thingDef>SC_Lichen</thingDef>
									<chance>0.10</chance>
									<amountToSpawn>8~12</amountToSpawn>
								</li>
								<li>
									<thingDef>SC_Cattail</thingDef>
									<chance>0.55</chance>
									<amountToSpawn>12~18</amountToSpawn>
									<cannotSpawnIn>
										<li>IceSheet</li>
										<li>SeaIce</li>
										<li>RG-W_Wasteland</li>
									</cannotSpawnIn>
								</li>
								<li>
									<thingDef>SC_LotusRoot</thingDef>
									<chance>0.10</chance>
									<amountToSpawn>6~8</amountToSpawn>
									<cannotSpawnIn>
										<li>IceSheet</li>
										<li>SeaIce</li>
										<li>RG-W_Wasteland</li>
									</cannotSpawnIn>
								</li>
								<li>
									<thingDef>SC_WaterSpinach</thingDef>
									<chance>0.20</chance>
									<amountToSpawn>12~16</amountToSpawn>
								</li>
								<li>
									<thingDef>WoodLog</thingDef>
									<chance>0.15</chance>
									<amountToSpawn>2~6</amountToSpawn>
								</li>
								<li>
									<thingDef>ChunkSlagSteel</thingDef>
									<chance>0.05</chance>
									<amountToSpawn>1~1</amountToSpawn>
								</li>
							</scavengables>
                        </li>
                    </value>
                </li>
				
                <li Class="PatchOperationAddModExtension">
                    <xpath>/Defs/TerrainDef[defName="MarshyTerrain"]</xpath>
                    <value>
                        <li Class="Scavenging.TerrainExtension">
							<workAmount>1000</workAmount>
							<failChance>0.1</failChance>
							<scavengables>
								<li>
									<thingDef>SC_Grub</thingDef>
									<chance>0.10</chance>
									<amountToSpawn>3~5</amountToSpawn>
									<cannotSpawnIn>
										<li>ColdBog</li>
										<li>Tundra</li>
										<li>BorealForest</li>
										<li>IceSheet</li>
										<li>SeaIce</li>
										<li>RG-AF_AspenForest</li>
									</cannotSpawnIn>
								</li>
								<li>
									<thingDef>SC_Grasshopper</thingDef>
									<chance>0.05</chance>
									<amountToSpawn>2~3</amountToSpawn>
									<cannotSpawnIn>
										<li>ColdBog</li>
										<li>Tundra</li>
										<li>BorealForest</li>
										<li>IceSheet</li>
										<li>SeaIce</li>
										<li>RG-W_Wasteland</li>
									</cannotSpawnIn>
								</li>
								<li>
									<thingDef>SC_Snail</thingDef>
									<chance>0.25</chance>
									<amountToSpawn>5~7</amountToSpawn>
									<cannotSpawnIn>
										<li>ColdBog</li>
										<li>Tundra</li>
										<li>BorealForest</li>
										<li>IceSheet</li>
										<li>SeaIce</li>
										<li>RG-W_Wasteland</li>
									</cannotSpawnIn>
								</li>
								<li>
									<thingDef>SC_FreshwaterCrab</thingDef>
									<chance>0.10</chance>
									<amountToSpawn>1~3</amountToSpawn>
									<cannotSpawnIn>
										<li>IceSheet</li>
										<li>SeaIce</li>
									</cannotSpawnIn>
								</li>
								<li>
									<thingDef>SC_Frog</thingDef>
									<chance>0.25</chance>
									<amountToSpawn>2~3</amountToSpawn>
									<cannotSpawnIn>
										<li>ColdBog</li>
										<li>Tundra</li>
										<li>BorealForest</li>
										<li>IceSheet</li>
										<li>SeaIce</li>
										<li>RG-W_Wasteland</li>
										<li>RG-AF_AspenForest</li>
									</cannotSpawnIn>
								</li>
								<li>
									<thingDef>SC_SoftshellTurtle</thingDef>
									<chance>0.15</chance>
									<amountToSpawn>1~3</amountToSpawn>
									<cannotSpawnIn>
										<li>IceSheet</li>
										<li>SeaIce</li>
									</cannotSpawnIn>
								</li>
								<li>
									<thingDef>SC_Lichen</thingDef>
									<chance>0.10</chance>
									<amountToSpawn>8~12</amountToSpawn>
								</li>
								<li>
									<thingDef>SC_Cattail</thingDef>
									<chance>0.45</chance>
									<amountToSpawn>12~18</amountToSpawn>
									<cannotSpawnIn>
										<li>IceSheet</li>
										<li>SeaIce</li>
										<li>RG-W_Wasteland</li>
									</cannotSpawnIn>
								</li>
								<li>
									<thingDef>SC_WildRice</thingDef>
									<chance>0.40</chance>
									<amountToSpawn>12~18</amountToSpawn>
									<cannotSpawnIn>
										<li>ColdBog</li>
										<li>Tundra</li>
										<li>BorealForest</li>
										<li>IceSheet</li>
										<li>SeaIce</li>
									</cannotSpawnIn>
								</li>
								<li>
									<thingDef>WoodLog</thingDef>
									<chance>0.15</chance>
									<amountToSpawn>2~6</amountToSpawn>
								</li>
								<li>
									<thingDef>ChunkSlagSteel</thingDef>
									<chance>0.05</chance>
									<amountToSpawn>1~1</amountToSpawn>
								</li>
							</scavengables>
                        </li>
                    </value>
                </li>
                <li Class="PatchOperationAddModExtension">
                    <xpath>/Defs/TerrainDef[defName="Mud"]</xpath>
                    <value>
                        <li Class="Scavenging.TerrainExtension">
							<workAmount>2400</workAmount>
							<failChance>0.2</failChance>
							<scavengables>
								<li>
									<thingDef>SC_Worm</thingDef>
									<chance>0.10</chance>
									<amountToSpawn>16~22</amountToSpawn>
									<cannotSpawnIn>
										<li>SeaIce</li>
										<li>IceSheet</li>
									</cannotSpawnIn>
								</li>
								<li>
									<thingDef>SC_Grub</thingDef>
									<chance>0.05</chance>
									<amountToSpawn>3~5</amountToSpawn>
									<cannotSpawnIn>
										<li>AridShrubland</li>
										<li>Desert</li>
										<li>ExtremeDesert</li>
										<li>BorealForest</li>
										<li>ColdBog</li>
										<li>Tundra</li>
										<li>IceSheet</li>
										<li>SeaIce</li>
										<li>RG-W_Wasteland</li>
										<li>RG-AF_AspenForest</li>
									</cannotSpawnIn>
								</li>
								<li>
									<thingDef>SC_Snail</thingDef>
									<chance>0.15</chance>
									<amountToSpawn>5~7</amountToSpawn>
									<cannotSpawnIn>
										<li>AridShrubland</li>
										<li>Desert</li>
										<li>ExtremeDesert</li>
										<li>BorealForest</li>
										<li>SeaIce</li>
										<li>RG-W_Wasteland</li>
									</cannotSpawnIn>
								</li>
								<li>
									<thingDef>SC_FreshwaterCrab</thingDef>
									<chance>0.25</chance>
									<amountToSpawn>1~3</amountToSpawn>
								</li>
								<li>
									<thingDef>SC_Frog</thingDef>
									<chance>0.10</chance>
									<amountToSpawn>2~3</amountToSpawn>
									<cannotSpawnIn>
										<li>ColdBog</li>
										<li>Tundra</li>
										<li>BorealForest</li>
										<li>IceSheet</li>
										<li>SeaIce</li>
										<li>RG-W_Wasteland</li>
										<li>RG-AF_AspenForest</li>
									</cannotSpawnIn>
								</li>
								<li>
									<thingDef>SC_Catfish</thingDef>
									<chance>0.10</chance>
									<amountToSpawn>1~3</amountToSpawn>
									<cannotSpawnIn>
										<li>IceSheet</li>
										<li>SeaIce</li>
										<li>RG-AF_AspenForest</li>
									</cannotSpawnIn>
								</li>
								<li>
									<thingDef>SC_SoftshellTurtle</thingDef>
									<chance>0.05</chance>
									<amountToSpawn>1~3</amountToSpawn>
									<cannotSpawnIn>
										<li>IceSheet</li>
										<li>SeaIce</li>
									</cannotSpawnIn>
								</li>
								<li>
									<thingDef>SC_Cattail</thingDef>
									<chance>0.10</chance>
									<amountToSpawn>12~18</amountToSpawn>
									<cannotSpawnIn>
										<li>IceSheet</li>
										<li>SeaIce</li>
										<li>RG-W_Wasteland</li>
									</cannotSpawnIn>
								</li>
								<li>
									<thingDef>SC_Plantago</thingDef>
									<chance>0.30</chance>
									<amountToSpawn>6~8</amountToSpawn>
									<cannotSpawnIn>
										<li>IceSheet</li>
										<li>SeaIce</li>
										<li>RG-W_Wasteland</li>
										<li>RG-AF_AspenForest</li>
									</cannotSpawnIn>
								</li>
								<li>
									<thingDef>SC_WildRice</thingDef>
									<chance>0.30</chance>
									<amountToSpawn>12~18</amountToSpawn>
									<cannotSpawnIn>
										<li>ColdBog</li>
										<li>Tundra</li>
										<li>BorealForest</li>
										<li>IceSheet</li>
										<li>SeaIce</li>
										<li>RG-AF_AspenForest</li>
									</cannotSpawnIn>
								</li>
								<li>
									<thingDef>SC_WaterSpinach</thingDef>
									<chance>0.10</chance>
									<amountToSpawn>12~16</amountToSpawn>
								</li>
								<li>
									<thingDef>WoodLog</thingDef>
									<chance>0.15</chance>
									<amountToSpawn>2~6</amountToSpawn>
								</li>
								<li>
									<thingDef>ChunkSlagSteel</thingDef>
									<chance>0.05</chance>
									<amountToSpawn>1~1</amountToSpawn>
								</li>
							</scavengables>
                        </li>
                    </value>
                </li>

                <li Class="PatchOperationAddModExtension">
                    <xpath>/Defs/TerrainDef[defName="WaterShallow"]</xpath>
                    <value>
                        <li Class="Scavenging.TerrainExtension">
							<workAmount>1800</workAmount>
							<failChance>0.2</failChance>
							<scavengables>
								<li>
									<thingDef>SC_Snail</thingDef>
									<chance>0.10</chance>
									<amountToSpawn>5~7</amountToSpawn>
									<cannotSpawnIn>
										<li>AridShrubland</li>
										<li>Desert</li>
										<li>ExtremeDesert</li>
										<li>BorealForest</li>
										<li>SeaIce</li>
										<li>RG-W_Wasteland</li>
									</cannotSpawnIn>
								</li>
								<li>
									<thingDef>SC_FreshwaterCrab</thingDef>
									<chance>0.20</chance>
									<amountToSpawn>1~3</amountToSpawn>
									<cannotSpawnIn>
										<li>IceSheet</li>
										<li>SeaIce</li>
									</cannotSpawnIn>
								</li>
								<li>
									<thingDef>SC_Frog</thingDef>
									<chance>0.25</chance>
									<amountToSpawn>2~3</amountToSpawn>
									<cannotSpawnIn>
										<li>ColdBog</li>
										<li>Tundra</li>
										<li>BorealForest</li>
										<li>IceSheet</li>
										<li>SeaIce</li>
										<li>RG-W_Wasteland</li>
										<li>RG-AF_AspenForest</li>
									</cannotSpawnIn>
								</li>
								<li>
									<thingDef>SC_Catfish</thingDef>
									<chance>0.15</chance>
									<amountToSpawn>1~3</amountToSpawn>
									<cannotSpawnIn>
										<li>IceSheet</li>
										<li>SeaIce</li>
										<li>RG-AF_AspenForest</li>
									</cannotSpawnIn>
								</li>
								<li>
									<thingDef>SC_SoftshellTurtle</thingDef>
									<chance>0.10</chance>
									<amountToSpawn>1~3</amountToSpawn>
									<cannotSpawnIn>
										<li>IceSheet</li>
										<li>SeaIce</li>
									</cannotSpawnIn>
								</li>
								<li>
									<thingDef>SC_Cattail</thingDef>
									<chance>0.10</chance>
									<amountToSpawn>12~18</amountToSpawn>
									<cannotSpawnIn>
										<li>IceSheet</li>
										<li>SeaIce</li>
										<li>RG-W_Wasteland</li>
									</cannotSpawnIn>
								</li>
								<li>
									<thingDef>SC_LotusRoot</thingDef>
									<chance>0.25</chance>
									<amountToSpawn>6~8</amountToSpawn>
									<cannotSpawnIn>
										<li>Tundra</li>
										<li>BorealForest</li>
										<li>IceSheet</li>
										<li>SeaIce</li>
										<li>RG-W_Wasteland</li>
									</cannotSpawnIn>
								</li>
								<li>
									<thingDef>SC_WaterLily</thingDef>
									<chance>0.30</chance>
									<amountToSpawn>6~8</amountToSpawn>
									<cannotSpawnIn>
										<li>Tundra</li>
										<li>BorealForest</li>
										<li>IceSheet</li>
										<li>SeaIce</li>
										<li>RG-W_Wasteland</li>
									</cannotSpawnIn>
								</li>
								<li>
									<thingDef>SC_WaterSpinach</thingDef>
									<chance>0.15</chance>
									<amountToSpawn>12~16</amountToSpawn>
								</li>
								<li>
									<thingDef>WoodLog</thingDef>
									<chance>0.15</chance>
									<amountToSpawn>2~6</amountToSpawn>
								</li>
								<li>
									<thingDef>ChunkSlagSteel</thingDef>
									<chance>0.05</chance>
									<amountToSpawn>1~1</amountToSpawn>
								</li>
							</scavengables>
                        </li>
                    </value>
                </li>

                <li Class="PatchOperationAddModExtension">
                    <xpath>/Defs/TerrainDef[defName="WaterDeep"]</xpath>
                    <value>
                        <li Class="Scavenging.TerrainExtension">
							<workAmount>1800</workAmount>
							<failChance>0.2</failChance>
							<scavengables>
								<li>
									<thingDef>SC_FreshwaterCrab</thingDef>
									<chance>0.20</chance>
									<amountToSpawn>1~3</amountToSpawn>
								</li>
								<li>
									<thingDef>SC_Frog</thingDef>
									<chance>0.05</chance>
									<amountToSpawn>2~3</amountToSpawn>
									<cannotSpawnIn>
										<li>ColdBog</li>
										<li>Tundra</li>
										<li>BorealForest</li>
										<li>IceSheet</li>
										<li>SeaIce</li>
										<li>RG-W_Wasteland</li>
										<li>RG-AF_AspenForest</li>
									</cannotSpawnIn>
								</li>
								<li>
									<thingDef>SC_Catfish</thingDef>
									<chance>0.30</chance>
									<amountToSpawn>1~3</amountToSpawn>
									<cannotSpawnIn>
										<li>IceSheet</li>
										<li>SeaIce</li>
										<li>RG-AF_AspenForest</li>
									</cannotSpawnIn>
								</li>
								<li>
									<thingDef>SC_SoftshellTurtle</thingDef>
									<chance>0.25</chance>
									<amountToSpawn>1~3</amountToSpawn>
									<cannotSpawnIn>
										<li>IceSheet</li>
										<li>SeaIce</li>
									</cannotSpawnIn>
								</li>
								<li>
									<thingDef>SC_LotusRoot</thingDef>
									<chance>0.45</chance>
									<amountToSpawn>6~8</amountToSpawn>
									<cannotSpawnIn>
										<li>Tundra</li>
										<li>BorealForest</li>
										<li>IceSheet</li>
										<li>SeaIce</li>
										<li>RG-W_Wasteland</li>
									</cannotSpawnIn>
								</li>
								<li>
									<thingDef>SC_WaterLily</thingDef>
									<chance>0.35</chance>
									<amountToSpawn>6~8</amountToSpawn>
									<cannotSpawnIn>
										<li>Tundra</li>
										<li>BorealForest</li>
										<li>IceSheet</li>
										<li>SeaIce</li>
										<li>RG-W_Wasteland</li>
									</cannotSpawnIn>
								</li>
								<li>
									<thingDef>WoodLog</thingDef>
									<chance>0.15</chance>
									<amountToSpawn>2~6</amountToSpawn>
								</li>
								<li>
									<thingDef>ChunkSlagSteel</thingDef>
									<chance>0.05</chance>
									<amountToSpawn>1~1</amountToSpawn>
								</li>
							</scavengables>
                        </li>
                    </value>
                </li>
                <li Class="PatchOperationAddModExtension">
                    <xpath>/Defs/TerrainDef[defName="WaterMovingShallow"]</xpath>
                    <value>
                        <li Class="Scavenging.TerrainExtension">
							<workAmount>1600</workAmount>
							<failChance>0.1</failChance>
							<scavengables>
								<li>
									<thingDef>SC_Snail</thingDef>
									<chance>0.10</chance>
									<amountToSpawn>5~7</amountToSpawn>
									<cannotSpawnIn>
										<li>ColdBog</li>
										<li>Tundra</li>
										<li>BorealForest</li>
										<li>IceSheet</li>
										<li>SeaIce</li>
									</cannotSpawnIn>
								</li>
								<li>
									<thingDef>SC_FreshwaterCrab</thingDef>
									<chance>0.15</chance>
									<amountToSpawn>1~3</amountToSpawn>
								</li>
								<li>
									<thingDef>SC_Frog</thingDef>
									<chance>0.05</chance>
									<amountToSpawn>2~3</amountToSpawn>
									<cannotSpawnIn>
										<li>ColdBog</li>
										<li>Tundra</li>
										<li>BorealForest</li>
										<li>IceSheet</li>
										<li>SeaIce</li>
										<li>RG-W_Wasteland</li>
										<li>RG-AF_AspenForest</li>
									</cannotSpawnIn>
								</li>
								<li>
									<thingDef>SC_Catfish</thingDef>
									<chance>0.30</chance>
									<amountToSpawn>1~3</amountToSpawn>
									<cannotSpawnIn>
										<li>IceSheet</li>
										<li>SeaIce</li>
										<li>RG-AF_AspenForest</li>
									</cannotSpawnIn>
								</li>
								<li>
									<thingDef>SC_SoftshellTurtle</thingDef>
									<chance>0.30</chance>
									<amountToSpawn>1~3</amountToSpawn>
									<cannotSpawnIn>
										<li>IceSheet</li>
										<li>SeaIce</li>
									</cannotSpawnIn>
								</li>
								<li>
									<thingDef>SC_LotusRoot</thingDef>
									<chance>0.25</chance>
									<amountToSpawn>6~8</amountToSpawn>
									<cannotSpawnIn>
										<li>Tundra</li>
										<li>BorealForest</li>
										<li>IceSheet</li>
										<li>SeaIce</li>
										<li>RG-W_Wasteland</li>
									</cannotSpawnIn>
								</li>
								<li>
									<thingDef>SC_WaterLily</thingDef>
									<chance>0.35</chance>
									<amountToSpawn>6~8</amountToSpawn>
									<cannotSpawnIn>
										<li>Tundra</li>
										<li>BorealForest</li>
										<li>IceSheet</li>
										<li>SeaIce</li>
										<li>RG-W_Wasteland</li>
									</cannotSpawnIn>
								</li>
								<li>
									<thingDef>SC_WaterSpinach</thingDef>
									<chance>0.20</chance>
									<amountToSpawn>12~16</amountToSpawn>
								</li>
								<li>
									<thingDef>WoodLog</thingDef>
									<chance>0.15</chance>
									<amountToSpawn>2~6</amountToSpawn>
								</li>
								<li>
									<thingDef>ChunkSlagSteel</thingDef>
									<chance>0.05</chance>
									<amountToSpawn>1~1</amountToSpawn>
								</li>
							</scavengables>
                        </li>
                    </value>
                </li>
                <li Class="PatchOperationAddModExtension">
                    <xpath>/Defs/TerrainDef[defName="WaterMovingChestDeep"]</xpath>
                    <value>
                        <li Class="Scavenging.TerrainExtension">
							<workAmount>2800</workAmount>
							<failChance>0.1</failChance>
							<scavengables>
								<li>
									<thingDef>SC_FreshwaterCrab</thingDef>
									<chance>0.10</chance>
									<amountToSpawn>1~3</amountToSpawn>
								</li>
								<li>
									<thingDef>SC_Frog</thingDef>
									<chance>0.05</chance>
									<amountToSpawn>2~3</amountToSpawn>
									<cannotSpawnIn>
										<li>ColdBog</li>
										<li>Tundra</li>
										<li>BorealForest</li>
										<li>IceSheet</li>
										<li>SeaIce</li>
										<li>RG-W_Wasteland</li>
										<li>RG-AF_AspenForest</li>
									</cannotSpawnIn>
								</li>
								<li>
									<thingDef>SC_Catfish</thingDef>
									<chance>0.40</chance>
									<amountToSpawn>1~3</amountToSpawn>
									<cannotSpawnIn>
										<li>IceSheet</li>
										<li>SeaIce</li>
										<li>RG-AF_AspenForest</li>
									</cannotSpawnIn>
								</li>
								<li>
									<thingDef>SC_SoftshellTurtle</thingDef>
									<chance>0.35</chance>
									<amountToSpawn>1~3</amountToSpawn>
									<cannotSpawnIn>
										<li>IceSheet</li>
										<li>SeaIce</li>
									</cannotSpawnIn>
								</li>
								<li>
									<thingDef>SC_LotusRoot</thingDef>
									<chance>0.50</chance>
									<amountToSpawn>6~8</amountToSpawn>
									<cannotSpawnIn>
										<li>Tundra</li>
										<li>BorealForest</li>
										<li>IceSheet</li>
										<li>SeaIce</li>
										<li>RG-W_Wasteland</li>
									</cannotSpawnIn>
								</li>
								<li>
									<thingDef>SC_WaterLily</thingDef>
									<chance>0.30</chance>
									<amountToSpawn>6~8</amountToSpawn>
									<cannotSpawnIn>
										<li>Tundra</li>
										<li>BorealForest</li>
										<li>IceSheet</li>
										<li>SeaIce</li>
										<li>RG-W_Wasteland</li>
									</cannotSpawnIn>
								</li>
								<li>
									<thingDef>WoodLog</thingDef>
									<chance>0.15</chance>
									<amountToSpawn>2~6</amountToSpawn>
								</li>
								<li>
									<thingDef>ChunkSlagSteel</thingDef>
									<chance>0.05</chance>
									<amountToSpawn>1~1</amountToSpawn>
								</li>
							</scavengables>
                        </li>
                    </value>
                </li>
                <li Class="PatchOperationAddModExtension">
                    <xpath>/Defs/TerrainDef[defName="WaterOceanShallow"]</xpath>
                    <value>
                        <li Class="Scavenging.TerrainExtension">
							<workAmount>2800</workAmount>
							<failChance>0.05</failChance>
							<scavengables>
								<li>
									<thingDef>SC_Mussel</thingDef>
									<chance>0.80</chance>
									<amountToSpawn>8~16</amountToSpawn>
								</li>
								<li>
									<thingDef>SC_Seaweed</thingDef>
									<chance>0.60</chance>
									<amountToSpawn>16~24</amountToSpawn>
								</li>
								<li>
									<thingDef>SC_Oyster</thingDef>
									<chance>0.15</chance>
									<amountToSpawn>6~12</amountToSpawn>
								</li>
								<li>
									<thingDef>SC_Kelp</thingDef>
									<chance>0.30</chance>
									<amountToSpawn>12~16</amountToSpawn>
								</li>
								<li>
									<thingDef>WoodLog</thingDef>
									<chance>0.15</chance>
									<amountToSpawn>2~6</amountToSpawn>
								</li>
								<li>
									<thingDef>ChunkSlagSteel</thingDef>
									<chance>0.05</chance>
									<amountToSpawn>1~1</amountToSpawn>
								</li>
							</scavengables>
                        </li>
                    </value>
                </li>
                <li Class="PatchOperationAddModExtension">
                    <xpath>/Defs/TerrainDef[defName="WaterOceanDeep"]</xpath>
                    <value>
                        <li Class="Scavenging.TerrainExtension">
							<workAmount>3600</workAmount>
							<failChance>0.05</failChance>
							<scavengables>
								<li>
									<thingDef>SC_Mussel</thingDef>
									<chance>0.40</chance>
									<amountToSpawn>8~16</amountToSpawn>
								</li>
								<li>
									<thingDef>SC_Oyster</thingDef>
									<chance>0.55</chance>
									<amountToSpawn>6~12</amountToSpawn>
								</li>
								<li>
									<thingDef>SC_Kelp</thingDef>
									<chance>0.60</chance>
									<amountToSpawn>12~16</amountToSpawn>
								</li>
								<li>
									<thingDef>SC_Seaweed</thingDef>
									<chance>0.30</chance>
									<amountToSpawn>16~24</amountToSpawn>
								</li>
							</scavengables>
                        </li>
                    </value>
                </li>

                <li Class="PatchOperationAddModExtension">
                    <xpath>/Defs/TerrainDef[defName="Ice"]</xpath>
                    <value>
                        <li Class="Scavenging.TerrainExtension">
							<workAmount>3600</workAmount>
							<failChance>0.65</failChance>
							<scavengables>
								<li>
									<thingDef>SC_KingCrab</thingDef>
									<chance>0.35</chance>
									<amountToSpawn>1~2</amountToSpawn>
									<cannotSpawnIn>
										<li>TemperateForest</li>
										<li>TemperateSwamp</li>
										<li>TropicalRainforest</li>
										<li>TropicalSwamp</li>
										<li>AridShrubland</li>
										<li>Desert</li>
										<li>ExtremeDesert</li>
										<li>RG-AF_AspenForest</li>
									</cannotSpawnIn>
								</li>
								<li>
									<thingDef>SC_FrostBud</thingDef>
									<chance>0.60</chance>
									<amountToSpawn>6~8</amountToSpawn>
									<cannotSpawnIn>
										<li>TemperateForest</li>
										<li>TemperateSwamp</li>
										<li>TropicalRainforest</li>
										<li>TropicalSwamp</li>
										<li>AridShrubland</li>
										<li>Desert</li>
										<li>ExtremeDesert</li>
										<li>RG-AF_AspenForest</li>
									</cannotSpawnIn>
								</li>
								<li>
									<thingDef>WoodLog</thingDef>
									<chance>0.15</chance>
									<amountToSpawn>2~6</amountToSpawn>
								</li>
								<li>
									<thingDef>ChunkSlagSteel</thingDef>
									<chance>0.05</chance>
									<amountToSpawn>1~1</amountToSpawn>
								</li>
							</scavengables>
                        </li>
                    </value>
                </li>
                <li Class="PatchOperationAddModExtension">
                    <xpath>/Defs/TerrainDef[defName="Sand"]</xpath>
                    <value>
                        <li Class="Scavenging.TerrainExtension">
							<workAmount>1200</workAmount>
							<failChance>0.2</failChance>
							<scavengables>
								<li>
									<thingDef>SC_Scorpion</thingDef>
									<chance>0.55</chance>
									<amountToSpawn>2~5</amountToSpawn>
									<cannotSpawnIn>
										<li>ColdBog</li>
										<li>Tundra</li>
										<li>BorealForest</li>
										<li>IceSheet</li>
										<li>SeaIce</li>
										<li>RG-AF_AspenForest</li>
										<li>BiomesCore_WaterShallowLagoon</li>
									</cannotSpawnIn>
								</li>
								<li>
									<thingDef>SC_Beetle</thingDef>
									<chance>0.25</chance>
									<amountToSpawn>3~5</amountToSpawn>
									<cannotSpawnIn>
										<li>ColdBog</li>
										<li>Tundra</li>
										<li>BorealForest</li>
										<li>IceSheet</li>
										<li>SeaIce</li>
										<li>RG-AF_AspenForest</li>
										<li>BiomesCore_WaterShallowLagoon</li>
									</cannotSpawnIn>
								</li>
								<li>
									<thingDef>SC_PricklyPearCactus</thingDef>
									<chance>0.30</chance>
									<amountToSpawn>6~9</amountToSpawn>
									<cannotSpawnIn>
										<li>ColdBog</li>
										<li>Tundra</li>
										<li>BorealForest</li>
										<li>IceSheet</li>
										<li>SeaIce</li>
										<li>RG-AF_AspenForest</li>
										<li>BiomesCore_WaterShallowLagoon</li>
									</cannotSpawnIn>
								</li>
								<li>
									<thingDef>SC_Aloe</thingDef>
									<chance>0.30</chance>
									<amountToSpawn>6~9</amountToSpawn>
									<cannotSpawnIn>
										<li>ColdBog</li>
										<li>Tundra</li>
										<li>BorealForest</li>
										<li>IceSheet</li>
										<li>SeaIce</li>
										<li>RG-AF_AspenForest</li>
										<li>BiomesCore_WaterShallowLagoon</li>
									</cannotSpawnIn>
								</li>
								<li>
									<thingDef>WoodLog</thingDef>
									<chance>0.15</chance>
									<amountToSpawn>2~6</amountToSpawn>
								</li>
								<li>
									<thingDef>ChunkSlagSteel</thingDef>
									<chance>0.05</chance>
									<amountToSpawn>1~1</amountToSpawn>
								</li>
							</scavengables>
                        </li>
                    </value>
                </li>
                <li Class="PatchOperationAddModExtension">
                    <xpath>/Defs/TerrainDef[defName="SoftSand"]</xpath>
                    <value>
                        <li Class="Scavenging.TerrainExtension">
							<workAmount>1200</workAmount>
							<failChance>0.2</failChance>
							<scavengables>
								<li>
									<thingDef>SC_Scorpion</thingDef>
									<chance>0.35</chance>
									<amountToSpawn>2~5</amountToSpawn>
									<cannotSpawnIn>
										<li>ColdBog</li>
										<li>Tundra</li>
										<li>BorealForest</li>
										<li>IceSheet</li>
										<li>SeaIce</li>
										<li>RG-AF_AspenForest</li>
										<li>BiomesCore_WaterShallowLagoon</li>
									</cannotSpawnIn>
								</li>
								<li>
									<thingDef>SC_Beetle</thingDef>
									<chance>0.45</chance>
									<amountToSpawn>3~5</amountToSpawn>
									<cannotSpawnIn>
										<li>ColdBog</li>
										<li>Tundra</li>
										<li>BorealForest</li>
										<li>IceSheet</li>
										<li>SeaIce</li>
										<li>RG-AF_AspenForest</li>
										<li>BiomesCore_WaterShallowLagoon</li>
									</cannotSpawnIn>
								</li>
								<li>
									<thingDef>SC_PricklyPearCactus</thingDef>
									<chance>0.40</chance>
									<amountToSpawn>6~9</amountToSpawn>
									<cannotSpawnIn>
										<li>ColdBog</li>
										<li>Tundra</li>
										<li>BorealForest</li>
										<li>IceSheet</li>
										<li>SeaIce</li>
										<li>RG-AF_AspenForest</li>
										<li>BiomesCore_WaterShallowLagoon</li>
									</cannotSpawnIn>
								</li>
								<li>
									<thingDef>SC_Aloe</thingDef>
									<chance>0.20</chance>
									<amountToSpawn>6~9</amountToSpawn>
									<cannotSpawnIn>
										<li>ColdBog</li>
										<li>Tundra</li>
										<li>BorealForest</li>
										<li>IceSheet</li>
										<li>SeaIce</li>
										<li>RG-AF_AspenForest</li>
										<li>BiomesCore_WaterShallowLagoon</li>
									</cannotSpawnIn>
								</li>
								<li>
									<thingDef>WoodLog</thingDef>
									<chance>0.15</chance>
									<amountToSpawn>2~6</amountToSpawn>
								</li>
								<li>
									<thingDef>ChunkSlagSteel</thingDef>
									<chance>0.05</chance>
									<amountToSpawn>1~1</amountToSpawn>
								</li>
							</scavengables>
                        </li>
                    </value>
                </li>
				<li Class="PatchOperationAddModExtension">
                    <xpath>/Defs/TerrainDef[defName="AB_DenseMud"]</xpath>
                    <value>
                        <li Class="Scavenging.TerrainExtension">
							<workAmount>1200</workAmount>
							<failChance>0.25</failChance>
							<scavengables>
								<li>
									<thingDef>SC_Worm</thingDef>
									<chance>0.10</chance>
									<amountToSpawn>16~22</amountToSpawn>
									<cannotSpawnIn>
										<li>SeaIce</li>
										<li>IceSheet</li>
									</cannotSpawnIn>
								</li>
								<li>
									<thingDef>SC_Grub</thingDef>
									<chance>0.05</chance>
									<amountToSpawn>3~5</amountToSpawn>
									<cannotSpawnIn>
										<li>AridShrubland</li>
										<li>Desert</li>
										<li>ExtremeDesert</li>
										<li>BorealForest</li>
										<li>ColdBog</li>
										<li>Tundra</li>
										<li>IceSheet</li>
										<li>SeaIce</li>
										<li>RG-W_Wasteland</li>
										<li>RG-AF_AspenForest</li>
									</cannotSpawnIn>
								</li>
								<li>
									<thingDef>SC_Snail</thingDef>
									<chance>0.15</chance>
									<amountToSpawn>5~7</amountToSpawn>
									<cannotSpawnIn>
										<li>AridShrubland</li>
										<li>Desert</li>
										<li>ExtremeDesert</li>
										<li>BorealForest</li>
										<li>SeaIce</li>
										<li>RG-W_Wasteland</li>
									</cannotSpawnIn>
								</li>
								<li>
									<thingDef>SC_FreshwaterCrab</thingDef>
									<chance>0.25</chance>
									<amountToSpawn>1~3</amountToSpawn>
								</li>
								<li>
									<thingDef>SC_Frog</thingDef>
									<chance>0.10</chance>
									<amountToSpawn>2~3</amountToSpawn>
									<cannotSpawnIn>
										<li>ColdBog</li>
										<li>Tundra</li>
										<li>BorealForest</li>
										<li>IceSheet</li>
										<li>SeaIce</li>
										<li>RG-W_Wasteland</li>
										<li>RG-AF_AspenForest</li>
									</cannotSpawnIn>
								</li>
								<li>
									<thingDef>SC_Catfish</thingDef>
									<chance>0.10</chance>
									<amountToSpawn>1~3</amountToSpawn>
									<cannotSpawnIn>
										<li>IceSheet</li>
										<li>SeaIce</li>
										<li>RG-AF_AspenForest</li>
									</cannotSpawnIn>
								</li>
								<li>
									<thingDef>SC_SoftshellTurtle</thingDef>
									<chance>0.05</chance>
									<amountToSpawn>1~3</amountToSpawn>
									<cannotSpawnIn>
										<li>IceSheet</li>
										<li>SeaIce</li>
									</cannotSpawnIn>
								</li>
								<li>
									<thingDef>SC_Plantago</thingDef>
									<chance>0.30</chance>
									<amountToSpawn>6~8</amountToSpawn>
									<cannotSpawnIn>
										<li>IceSheet</li>
										<li>SeaIce</li>
										<li>RG-W_Wasteland</li>
										<li>RG-AF_AspenForest</li>
									</cannotSpawnIn>
								</li>
								<li>
									<thingDef>SC_WildRice</thingDef>
									<chance>0.30</chance>
									<amountToSpawn>12~18</amountToSpawn>
									<cannotSpawnIn>
										<li>ColdBog</li>
										<li>Tundra</li>
										<li>BorealForest</li>
										<li>IceSheet</li>
										<li>SeaIce</li>
										<li>RG-AF_AspenForest</li>
									</cannotSpawnIn>
								</li>
								<li>
									<thingDef>WoodLog</thingDef>
									<chance>0.15</chance>
									<amountToSpawn>2~6</amountToSpawn>
								</li>
								<li>
									<thingDef>ChunkSlagSteel</thingDef>
									<chance>0.05</chance>
									<amountToSpawn>1~1</amountToSpawn>
								</li>
								<li>
									<thingDef>WoodLog</thingDef>
									<chance>0.15</chance>
									<amountToSpawn>2~6</amountToSpawn>
								</li>
								<li>
									<thingDef>ChunkSlagSteel</thingDef>
									<chance>0.05</chance>
									<amountToSpawn>1~1</amountToSpawn>
								</li>
							</scavengables>
                        </li>
                    </value>
                </li>
				<li Class="PatchOperationAddModExtension">
                    <xpath>/Defs/TerrainDef[defName="AB_DenseGrass"]</xpath>
                    <value>
                        <li Class="Scavenging.TerrainExtension">
							<workAmount>1200</workAmount>
							<failChance>0.4</failChance>
							<scavengables>
								<li>
									<thingDef>SC_Worm</thingDef>
									<chance>0.35</chance>
									<amountToSpawn>16~22</amountToSpawn>
								</li>
								<li>
									<thingDef>SC_Grasshopper</thingDef>
									<chance>0.20</chance>
									<amountToSpawn>2~3</amountToSpawn>
								</li>
								<li>
									<thingDef>WoodLog</thingDef>
									<chance>0.15</chance>
									<amountToSpawn>2~6</amountToSpawn>
								</li>
								<li>
									<thingDef>ChunkSlagSteel</thingDef>
									<chance>0.05</chance>
									<amountToSpawn>1~1</amountToSpawn>
								</li>
							</scavengables>
                        </li>
                    </value>
                </li>
				<li Class="PatchOperationAddModExtension">
                    <xpath>/Defs/TerrainDef[defName="AB_WebbedMarshyTerrain"]</xpath>
                    <value>
                        <li Class="Scavenging.TerrainExtension">
							<workAmount>1800</workAmount>
							<failChance>0.25</failChance>
							<scavengables>
								<li>
									<thingDef>SC_PetrifiedSpiderEgg</thingDef>
									<chance>0.25</chance>
									<amountToSpawn>2~5</amountToSpawn>
								</li>
								<li>
									<thingDef>WoodLog</thingDef>
									<chance>0.15</chance>
									<amountToSpawn>2~6</amountToSpawn>
								</li>
								<li>
									<thingDef>ChunkSlagSteel</thingDef>
									<chance>0.05</chance>
									<amountToSpawn>1~1</amountToSpawn>
								</li>
							</scavengables>
                        </li>
                    </value>
                </li>
				<li Class="PatchOperationAddModExtension">
                    <xpath>/Defs/TerrainDef[defName="BiomesCore_WaterShallowLagoon"]</xpath>
                    <value>
                        <li Class="Scavenging.TerrainExtension">
							<workAmount>1200</workAmount>
							<failChance>0.25</failChance>
							<scavengables>
								<li>
									<thingDef>SC_Mussel</thingDef>
									<chance>0.20</chance>
									<amountToSpawn>8~16</amountToSpawn>
								</li>
								<li>
									<thingDef>SC_Seaweed</thingDef>
									<chance>0.30</chance>
									<amountToSpawn>16~24</amountToSpawn>
								</li>
								<li>
									<thingDef>SC_Oyster</thingDef>
									<chance>0.25</chance>
									<amountToSpawn>6~12</amountToSpawn>
								</li>
								<li>
									<thingDef>SC_Kelp</thingDef>
									<chance>0.25</chance>
									<amountToSpawn>12~16</amountToSpawn>
								</li>
								<li>
									<thingDef>WoodLog</thingDef>
									<chance>0.15</chance>
									<amountToSpawn>2~6</amountToSpawn>
								</li>
								<li>
									<thingDef>ChunkSlagSteel</thingDef>
									<chance>0.05</chance>
									<amountToSpawn>1~1</amountToSpawn>
								</li>
							</scavengables>
                        </li>
                    </value>
                </li>
            </operations>
        </match>
    </Operation>

</Patch>