﻿<?xml version="1.0" encoding="utf-8"?>
<Defs>

	<ThingDef ParentName="OrganicProductBase">
		<defName>SC_NeolithicDriedMush</defName>
		<label>neolithic dried mush</label>
		<description>A neolithic dried mush, not so much cooked as browned and mashed together. Safe to eat, but at what cost?</description>
		<thingClass>ThingWithComps</thingClass>
		<thingCategories>
			<li>Foods</li>
		</thingCategories>
		<graphicData>
			<texPath>Things/Item/Resource/NeoDriedMush</texPath>
			<graphicClass>Graphic_StackCount</graphicClass>
		</graphicData>
		<socialPropernessMatters>true</socialPropernessMatters>
		<statBases>
			<MarketValue>1</MarketValue>
			<Mass>0.018</Mass>
			<Flammability>0.6</Flammability>
			<WorkToMake>1600</WorkToMake>
			<DeteriorationRate>2</DeteriorationRate>
			<Nutrition>0.02</Nutrition>
			<FoodPoisonChanceFixedHuman>0</FoodPoisonChanceFixedHuman>
		</statBases>
		<ingestible>
			<foodType>Meal</foodType>
			<preferability>MealSimple</preferability>
			<ingestEffect>EatVegetarian</ingestEffect>
			<ingestSound>Meal_Eat</ingestSound>
			<tasteThought>AteMashedFood</tasteThought>
			<optimalityOffsetHumanlikes>6</optimalityOffsetHumanlikes>
		</ingestible>
		<comps>
			<li Class="CompProperties_Rottable">
				<daysToRotStart>250</daysToRotStart>
				<rotDestroys>true</rotDestroys>
			</li>
			<li Class="CompProperties_Ingredients"/>
		</comps>
	</ThingDef>

	<RecipeDef>
		<defName>SC_Make_NeolithicDriedMush</defName>
		<label>make neolithic dried mush</label>
		<description>Make neolithic dried mush.</description>
		<jobString>Making neolithic dried mush.</jobString>
		<workAmount>800</workAmount>
		<workSpeedStat>CookSpeed</workSpeedStat>
		<requiredGiverWorkType>Cooking</requiredGiverWorkType>
		<effectWorking>Cook</effectWorking>
		<soundWorking>Recipe_CookMeal</soundWorking>
		<allowMixingIngredients>true</allowMixingIngredients>
		<ingredientValueGetterClass>IngredientValueGetter_Nutrition</ingredientValueGetterClass>
		<ingredients>
			<li>
				<filter>
					<categories>
						<li>FoodRaw</li>
					</categories>
				</filter>
				<count>0.30</count>
			</li>
		</ingredients>
		<products>
			<SC_NeolithicDriedMush>16</SC_NeolithicDriedMush>
		</products>
		<fixedIngredientFilter>
			<categories>
				<li>FoodRaw</li>
			</categories>
			<disallowedCategories>
				<li>AnimalProductRaw</li>
			</disallowedCategories>
			<specialFiltersToDisallow>
				<li>AllowPlantFood</li>
			</specialFiltersToDisallow>
		</fixedIngredientFilter>
		<defaultIngredientFilter>
			<categories>
				<li>FoodRaw</li>
			</categories>
			<disallowedThingDefs>
				<li>Meat_Human</li>
				<li>Meat_Megaspider</li>
			</disallowedThingDefs>
		</defaultIngredientFilter>
		<workSkill>Cooking</workSkill>
		<skillRequirements>
			<Cooking>0</Cooking>
		</skillRequirements>
	</RecipeDef>
	

	<RecipeDef>
		<defName>SC_Make_NeolithicDriedMushBulk</defName>
		<label>make neolithic dried mush x4</label>
		<description>Make neolithic dried mush.</description>
		<jobString>Making neolithic dried mush.</jobString>
		<workAmount>1800</workAmount>
		<workSpeedStat>CookSpeed</workSpeedStat>
		<requiredGiverWorkType>Cooking</requiredGiverWorkType>
		<effectWorking>Cook</effectWorking>
		<soundWorking>Recipe_CookMeal</soundWorking>
		<allowMixingIngredients>true</allowMixingIngredients>
		<ingredientValueGetterClass>IngredientValueGetter_Nutrition</ingredientValueGetterClass>
		<ingredients>
			<li>
				<filter>
					<categories>
						<li>FoodRaw</li>
					</categories>
				</filter>
				<count>1.20</count>
			</li>
		</ingredients>
		<products>
			<SC_NeolithicDriedMush>64</SC_NeolithicDriedMush>
		</products>
		<fixedIngredientFilter>
			<categories>
				<li>FoodRaw</li>
			</categories>
			<disallowedCategories>
				<li>AnimalProductRaw</li>
			</disallowedCategories>
			<specialFiltersToDisallow>
				<li>AllowPlantFood</li>
			</specialFiltersToDisallow>
		</fixedIngredientFilter>
		<defaultIngredientFilter>
			<categories>
				<li>FoodRaw</li>
			</categories>
			<disallowedThingDefs>
				<li>Meat_Human</li>
				<li>Meat_Megaspider</li>
			</disallowedThingDefs>
		</defaultIngredientFilter>
		<workSkill>Cooking</workSkill>
		<skillRequirements>
			<Cooking>3</Cooking>
		</skillRequirements>
	</RecipeDef>
</Defs>
