﻿<?xml version="1.0" encoding="utf-8" ?>
<Defs>

  <ThingDef ParentName="BuildingBase">
    <defName>SC_ScavengingSpot</defName>
    <label>scavenging spot</label>
    <description>Designates a spot for scavenging.</description>
    <graphicData>
      <texPath>Things/Building/Misc/ScavengeSpot</texPath>
      <graphicClass>Graphic_Single</graphicClass>
    </graphicData>
    <altitudeLayer>FloorEmplacement</altitudeLayer>
    <statBases>
      <WorkToBuild>0</WorkToBuild>
    </statBases>
    <rotatable>false</rotatable>
    <scatterableOnMapGen>false</scatterableOnMapGen>
    <useHitPoints>False</useHitPoints>
    <designationCategory>Production</designationCategory>
    <passability>Standable</passability>
    <placeWorkers>
      <li>Scavenging.PlaceWorker_ScavengingSpot</li>
    </placeWorkers>
	<comps>
      <li Class="CompProperties_Forbiddable" />
    </comps>
    <building>
      <sowTag>SupportPlantsOnly</sowTag>
      <canPlaceOverImpassablePlant>false</canPlaceOverImpassablePlant>
      <ai_chillDestination>false</ai_chillDestination>
      <artificialForMeditationPurposes>false</artificialForMeditationPurposes>
    </building>
    <designationHotKey>Misc11</designationHotKey>
  </ThingDef>
  
</Defs>