<?xml version="1.0" encoding="utf-8"?>
<ModMetaData>
	<name>Scavenging mod</name>
	<author>Infinite, Taranchuk</author>
	<supportedVersions>
      <li>1.3</li>
   </supportedVersions>
   <packageId>Infinite.Scavenging</packageId>
   <modDependencies>
		<li>
			<packageId>brrainz.harmony</packageId>
			<displayName>Harmony</displayName>
			<steamWorkshopUrl>steam://url/CommunityFilePage/2009463077</steamWorkshopUrl>
			<downloadUrl>https://github.com/pardeike/HarmonyRimWorld/releases/latest</downloadUrl>
		</li>
	</modDependencies>
	<loadAfter>
		<li>Ludeon.RimWorld</li>
		<li>Ludeon.RimWorld.Royalty</li>
		<li>brrainz.harmony</li>
	</loadAfter>
	<description></description>
</ModMetaData>